DataFrame,Model,RMSE,R2
DD_target30,Srbf_C1_e01_gscale,0.099063,-4.339007
DD_target30,Srbf_C1_e01_g001,0.074251,-1.364474
DD_target30,Srbf_C1_e01_g01,0.083893,-2.139607
DD_target30,Srbf_C1_e05_gscale,0.074089,-1.266125
DD_target30,Srbf_C1_e05_g001,0.067615,-0.720474
DD_target30,Srbf_C1_e05_g01,0.075013,-1.185746
DD_target30,Srbf_C10_e01_gscale,0.126864,-9.550206
DD_target30,Srbf_C10_e01_g001,0.081342,-1.857929
DD_target30,Srbf_C10_e01_g01,0.153199,-14.922745
DD_target30,Srbf_C10_e05_gscale,0.077726,-1.447984
DD_target30,Srbf_C10_e05_g001,0.073483,-1.15881
DD_target30,Srbf_C10_e05_g01,0.114011,-6.331545
DD_target30,Srbf_C100_e01_gscale,0.140814,-11.011118
DD_target30,Srbf_C100_e01_g001,0.097501,-3.517682
DD_target30,Srbf_C100_e01_g01,0.250004,-43.304069
DD_target30,Srbf_C100_e05_gscale,0.080463,-1.571414
DD_target30,Srbf_C100_e05_g001,0.083865,-1.816863
DD_target30,Srbf_C100_e05_g01,0.144225,-11.772657
DD_target30,Slin_C01,0.073629,-1.337126
DD_target30,Slin_C1,0.073683,-1.345669
DD_target30,Slin_C10,0.073626,-1.342857
DD_target30,Spoly2_C1_gscale,0.195774,-22.635524
DD_target30,Spoly2_C1_g001,0.074505,-1.388919
DD_target30,Spoly2_C10_gscale,0.338138,-96.461479
DD_target30,Spoly2_C10_g001,0.081963,-1.813128
DD_target30,Spoly3_C1_gscale,0.600997,-145.022914
DD_target30,Spoly3_C1_g001,0.077497,-1.520248
DD_target30,GBRT_d3_lr001,0.063011,-0.391659
DD_target30,GBRT_d3_lr005,0.074778,-1.198243
DD_target30,GBRT_d4_lr001,0.064255,-0.467485
DD_target30,GBRT_d4_lr005,0.074037,-1.13657
DD_target30,GBRT_d5_lr001,0.065506,-0.536449
DD_target30,GBRT_d5_lr005,0.073137,-1.035241
DD_target30,MLP_64_relu_lr0005,0.124075,-5.415623
DD_target30,MLP_64_relu_lr001,0.122304,-5.212697
DD_target30,MLP_64_relu_lr005,0.116958,-4.737359
DD_target30,MLP_64_relu_lr01,0.103369,-3.668719
DD_target60,Srbf_C1_e01_gscale,0.131376,-4.519576
DD_target60,Srbf_C1_e01_g001,0.116216,-2.358167
DD_target60,Srbf_C1_e01_g01,0.131503,-3.316851
DD_target60,Srbf_C1_e05_gscale,0.112313,-1.846995
DD_target60,Srbf_C1_e05_g001,0.119661,-2.621414
DD_target60,Srbf_C1_e05_g01,0.132811,-3.206115
DD_target60,Srbf_C10_e01_gscale,0.174406,-12.718664
DD_target60,Srbf_C10_e01_g001,0.137413,-4.094489
DD_target60,Srbf_C10_e01_g01,0.182856,-9.109516
DD_target60,Srbf_C10_e05_gscale,0.119976,-2.318829
DD_target60,Srbf_C10_e05_g001,0.14214,-4.811125
DD_target60,Srbf_C10_e05_g01,0.164725,-5.85142
DD_target60,Srbf_C100_e01_gscale,0.217274,-20.919153
DD_target60,Srbf_C100_e01_g001,0.156847,-5.011169
DD_target60,Srbf_C100_e01_g01,0.263114,-19.873224
DD_target60,Srbf_C100_e05_gscale,0.125188,-2.517923
DD_target60,Srbf_C100_e05_g001,0.163939,-6.2934
DD_target60,Srbf_C100_e05_g01,0.215009,-9.89819
DD_target60,Slin_C01,0.125935,-3.450181
DD_target60,Slin_C1,0.126253,-3.491722
DD_target60,Slin_C10,0.126236,-3.482718
DD_target60,Spoly2_C1_gscale,0.260725,-22.673402
DD_target60,Spoly2_C1_g001,0.116266,-2.396209
DD_target60,Spoly2_C10_gscale,0.31152,-33.521653
DD_target60,Spoly2_C10_g001,0.132364,-3.60298
DD_target60,Spoly3_C1_gscale,0.57659,-80.870985
DD_target60,Spoly3_C1_g001,0.120455,-2.718117
DD_target60,GBRT_d3_lr001,0.093927,-0.618978
DD_target60,GBRT_d3_lr005,0.106005,-1.250018
DD_target60,GBRT_d4_lr001,0.096196,-0.730113
DD_target60,GBRT_d4_lr005,0.105275,-1.233024
DD_target60,GBRT_d5_lr001,0.096752,-0.765637
DD_target60,GBRT_d5_lr005,0.104301,-1.149481
DD_target60,MLP_64_relu_lr0005,0.166267,-6.041983
DD_target60,MLP_64_relu_lr001,0.181617,-8.146725
DD_target60,MLP_64_relu_lr005,0.147936,-3.940416
DD_target60,MLP_64_relu_lr01,0.173568,-7.443492
DD_target90,Srbf_C1_e01_gscale,0.206217,-7.479559
DD_target90,Srbf_C1_e01_g001,0.172101,-3.086905
DD_target90,Srbf_C1_e01_g01,0.208069,-5.061374
DD_target90,Srbf_C1_e05_gscale,0.171285,-3.070848
DD_target90,Srbf_C1_e05_g001,0.18054,-3.687519
DD_target90,Srbf_C1_e05_g01,0.207731,-4.889357
DD_target90,Srbf_C10_e01_gscale,0.256918,-16.215723
DD_target90,Srbf_C10_e01_g001,0.199264,-4.906421
DD_target90,Srbf_C10_e01_g01,0.308241,-16.865183
DD_target90,Srbf_C10_e05_gscale,0.191275,-4.499877
DD_target90,Srbf_C10_e05_g001,0.2126,-6.315079
DD_target90,Srbf_C10_e05_g01,0.270583,-11.063017
DD_target90,Srbf_C100_e01_gscale,0.288216,-23.56973
DD_target90,Srbf_C100_e01_g001,0.253621,-9.116432
DD_target90,Srbf_C100_e01_g01,0.42608,-36.599849
DD_target90,Srbf_C100_e05_gscale,0.198258,-4.800681
DD_target90,Srbf_C100_e05_g001,0.268695,-10.149841
DD_target90,Srbf_C100_e05_g01,0.348666,-19.945124
DD_target90,Slin_C01,0.176548,-3.58398
DD_target90,Slin_C1,0.176256,-3.553469
DD_target90,Slin_C10,0.175924,-3.528754
DD_target90,Spoly2_C1_gscale,0.406276,-34.199908
DD_target90,Spoly2_C1_g001,0.168539,-2.84324
DD_target90,Spoly2_C10_gscale,0.401381,-32.968755
DD_target90,Spoly2_C10_g001,0.185286,-3.904092
DD_target90,Spoly3_C1_gscale,0.843772,-114.151426
DD_target90,Spoly3_C1_g001,0.176395,-3.229802
DD_target90,GBRT_d3_lr001,0.132804,-0.866729
DD_target90,GBRT_d3_lr005,0.151581,-1.606116
DD_target90,GBRT_d4_lr001,0.132735,-0.892147
DD_target90,GBRT_d4_lr005,0.147387,-1.474821
DD_target90,GBRT_d5_lr001,0.133955,-0.962443
DD_target90,GBRT_d5_lr005,0.1443,-1.290541
DD_target90,MLP_64_relu_lr0005,0.309449,-16.900391
DD_target90,MLP_64_relu_lr001,0.325762,-19.19175
DD_target90,MLP_64_relu_lr005,0.3305,-19.764511
DD_target90,MLP_64_relu_lr01,0.361889,-26.344638
HAL_target30,Srbf_C1_e01_gscale,0.113063,-1.39878
HAL_target30,Srbf_C1_e01_g001,0.085322,-0.098461
HAL_target30,Srbf_C1_e01_g01,0.09477,-0.435096
HAL_target30,Srbf_C1_e05_gscale,0.09826,-0.585405
HAL_target30,Srbf_C1_e05_g001,0.085322,-0.101098
HAL_target30,Srbf_C1_e05_g01,0.091631,-0.283951
HAL_target30,Srbf_C10_e01_gscale,0.133552,-2.222791
HAL_target30,Srbf_C10_e01_g001,0.089014,-0.217636
HAL_target30,Srbf_C10_e01_g01,0.133002,-2.139406
HAL_target30,Srbf_C10_e05_gscale,0.106266,-0.852625
HAL_target30,Srbf_C10_e05_g001,0.087239,-0.177133
HAL_target30,Srbf_C10_e05_g01,0.110446,-0.904293
HAL_target30,Srbf_C100_e01_gscale,0.153907,-3.18958
HAL_target30,Srbf_C100_e01_g001,0.109686,-0.751341
HAL_target30,Srbf_C100_e01_g01,0.231476,-8.025825
HAL_target30,Srbf_C100_e05_gscale,0.109632,-0.977844
HAL_target30,Srbf_C100_e05_g001,0.100126,-0.480329
HAL_target30,Srbf_C100_e05_g01,0.138965,-1.864808
HAL_target30,Slin_C01,0.084838,-0.124828
HAL_target30,Slin_C1,0.08485,-0.125976
HAL_target30,Slin_C10,0.084875,-0.125826
HAL_target30,Spoly2_C1_gscale,0.172844,-3.922053
HAL_target30,Spoly2_C1_g001,0.084637,-0.083335
HAL_target30,Spoly2_C10_gscale,0.202372,-6.164112
HAL_target30,Spoly2_C10_g001,0.087122,-0.160983
HAL_target30,Spoly3_C1_gscale,0.742555,-101.248404
HAL_target30,Spoly3_C1_g001,0.08611,-0.113153
HAL_target30,GBRT_d3_lr001,0.087591,-0.238982
HAL_target30,GBRT_d3_lr005,0.094471,-0.551393
HAL_target30,GBRT_d4_lr001,0.088015,-0.260347
HAL_target30,GBRT_d4_lr005,0.093709,-0.488579
HAL_target30,GBRT_d5_lr001,0.089524,-0.331054
HAL_target30,GBRT_d5_lr005,0.095024,-0.541831
HAL_target30,MLP_64_relu_lr0005,0.120144,-1.424851
HAL_target30,MLP_64_relu_lr001,0.117717,-1.345828
HAL_target30,MLP_64_relu_lr005,0.114822,-1.188475
HAL_target30,MLP_64_relu_lr01,0.111686,-1.143885
HAL_target60,Srbf_C1_e01_gscale,0.156253,-1.087418
HAL_target60,Srbf_C1_e01_g001,0.120795,-0.054546
HAL_target60,Srbf_C1_e01_g01,0.138111,-0.411224
HAL_target60,Srbf_C1_e05_gscale,0.150723,-0.849553
HAL_target60,Srbf_C1_e05_g001,0.120724,-0.054357
HAL_target60,Srbf_C1_e05_g01,0.13531,-0.365617
HAL_target60,Srbf_C10_e01_gscale,0.186331,-1.997892
HAL_target60,Srbf_C10_e01_g001,0.129397,-0.213673
HAL_target60,Srbf_C10_e01_g01,0.1869,-1.620423
HAL_target60,Srbf_C10_e05_gscale,0.170118,-1.33929
HAL_target60,Srbf_C10_e05_g001,0.126406,-0.157502
HAL_target60,Srbf_C10_e05_g01,0.179985,-1.540827
HAL_target60,Srbf_C100_e01_gscale,0.211787,-2.800443
HAL_target60,Srbf_C100_e01_g001,0.15846,-0.740891
HAL_target60,Srbf_C100_e01_g01,0.272674,-4.955473
HAL_target60,Srbf_C100_e05_gscale,0.184262,-1.794632
HAL_target60,Srbf_C100_e05_g001,0.146435,-0.543779
HAL_target60,Srbf_C100_e05_g01,0.240921,-3.071335
HAL_target60,Slin_C01,0.126654,-0.237252
HAL_target60,Slin_C1,0.127179,-0.254865
HAL_target60,Slin_C10,0.127299,-0.257453
HAL_target60,Spoly2_C1_gscale,0.282692,-4.424814
HAL_target60,Spoly2_C1_g001,0.119156,-0.038337
HAL_target60,Spoly2_C10_gscale,0.343442,-7.288219
HAL_target60,Spoly2_C10_g001,0.128613,-0.201592
HAL_target60,Spoly3_C1_gscale,1.021005,-87.618573
HAL_target60,Spoly3_C1_g001,0.12096,-0.062549
HAL_target60,GBRT_d3_lr001,0.124867,-0.188015
HAL_target60,GBRT_d3_lr005,0.133895,-0.435663
HAL_target60,GBRT_d4_lr001,0.126207,-0.231411
HAL_target60,GBRT_d4_lr005,0.134061,-0.443167
HAL_target60,GBRT_d5_lr001,0.127485,-0.276098
HAL_target60,GBRT_d5_lr005,0.13241,-0.427079
HAL_target60,MLP_64_relu_lr0005,0.164521,-1.18298
HAL_target60,MLP_64_relu_lr001,0.164616,-1.159632
HAL_target60,MLP_64_relu_lr005,0.163245,-1.117574
HAL_target60,MLP_64_relu_lr01,0.18013,-1.390322
HAL_target90,Srbf_C1_e01_gscale,0.22332,-0.807502
HAL_target90,Srbf_C1_e01_g001,0.181913,-0.074374
HAL_target90,Srbf_C1_e01_g01,0.19173,-0.260034
HAL_target90,Srbf_C1_e05_gscale,0.217416,-0.701948
HAL_target90,Srbf_C1_e05_g001,0.18059,-0.056566
HAL_target90,Srbf_C1_e05_g01,0.189034,-0.230324
HAL_target90,Srbf_C10_e01_gscale,0.26176,-1.618907
HAL_target90,Srbf_C10_e01_g001,0.179753,-0.078978
HAL_target90,Srbf_C10_e01_g01,0.247362,-1.04251
HAL_target90,Srbf_C10_e05_gscale,0.252482,-1.382653
HAL_target90,Srbf_C10_e05_g001,0.177056,-0.063216
HAL_target90,Srbf_C10_e05_g01,0.24002,-0.905991
HAL_target90,Srbf_C100_e01_gscale,0.285004,-2.128625
HAL_target90,Srbf_C100_e01_g001,0.204934,-0.369156
HAL_target90,Srbf_C100_e01_g01,0.365301,-3.308791
HAL_target90,Srbf_C100_e05_gscale,0.268849,-1.775753
HAL_target90,Srbf_C100_e05_g001,0.194926,-0.290768
HAL_target90,Srbf_C100_e05_g01,0.344938,-2.780926
HAL_target90,Slin_C01,0.186639,-0.150597
HAL_target90,Slin_C1,0.186757,-0.15193
HAL_target90,Slin_C10,0.186846,-0.152394
HAL_target90,Spoly2_C1_gscale,0.292898,-1.552385
HAL_target90,Spoly2_C1_g001,0.182722,-0.084733
HAL_target90,Spoly2_C10_gscale,0.343171,-2.485327
HAL_target90,Spoly2_C10_g001,0.180972,-0.086749
HAL_target90,Spoly3_C1_gscale,1.094945,-40.373328
HAL_target90,Spoly3_C1_g001,0.181818,-0.078143
HAL_target90,GBRT_d3_lr001,0.18482,-0.192668
HAL_target90,GBRT_d3_lr005,0.195553,-0.366566
HAL_target90,GBRT_d4_lr001,0.187428,-0.238568
HAL_target90,GBRT_d4_lr005,0.194999,-0.36382
HAL_target90,GBRT_d5_lr001,0.191274,-0.304508
HAL_target90,GBRT_d5_lr005,0.19863,-0.431772
HAL_target90,MLP_64_relu_lr0005,0.243482,-1.327575
HAL_target90,MLP_64_relu_lr001,0.239811,-1.222186
HAL_target90,MLP_64_relu_lr005,0.246097,-1.339809
HAL_target90,MLP_64_relu_lr01,0.261374,-1.401584
NOC_target30,Srbf_C1_e01_gscale,0.069058,-2.477363
NOC_target30,Srbf_C1_e01_g001,0.047802,-0.511424
NOC_target30,Srbf_C1_e01_g01,0.077984,-4.256937
NOC_target30,Srbf_C1_e05_gscale,0.05624,-1.020079
NOC_target30,Srbf_C1_e05_g001,0.043458,-0.154379
NOC_target30,Srbf_C1_e05_g01,0.061018,-1.472241
NOC_target30,Srbf_C10_e01_gscale,0.08158,-3.761966
NOC_target30,Srbf_C10_e01_g001,0.070039,-3.739765
NOC_target30,Srbf_C10_e01_g01,0.110015,-9.554583
NOC_target30,Srbf_C10_e05_gscale,0.057246,-1.09435
NOC_target30,Srbf_C10_e05_g001,0.056844,-1.497434
NOC_target30,Srbf_C10_e05_g01,0.09987,-7.426898
NOC_target30,Srbf_C100_e01_gscale,0.090394,-4.728695
NOC_target30,Srbf_C100_e01_g001,0.146342,-31.840554
NOC_target30,Srbf_C100_e01_g01,0.185397,-30.276735
NOC_target30,Srbf_C100_e05_gscale,0.057246,-1.09435
NOC_target30,Srbf_C100_e05_g001,0.109342,-13.396338
NOC_target30,Srbf_C100_e05_g01,0.119253,-10.090198
NOC_target30,Slin_C01,0.045356,-0.331098
NOC_target30,Slin_C1,0.045861,-0.373451
NOC_target30,Slin_C10,0.04547,-0.339688
NOC_target30,Spoly2_C1_gscale,0.36439,-328.973083
NOC_target30,Spoly2_C1_g001,0.047597,-0.510804
NOC_target30,Spoly2_C10_gscale,0.589034,-1044.7165
NOC_target30,Spoly2_C10_g001,0.06743,-3.283319
NOC_target30,Spoly3_C1_gscale,0.872767,-1735.824958
NOC_target30,Spoly3_C1_g001,0.053829,-1.157209
NOC_target30,GBRT_d3_lr001,0.045658,-0.261975
NOC_target30,GBRT_d3_lr005,0.052158,-0.661817
NOC_target30,GBRT_d4_lr001,0.046817,-0.325526
NOC_target30,GBRT_d4_lr005,0.054211,-0.795895
NOC_target30,GBRT_d5_lr001,0.047692,-0.379127
NOC_target30,GBRT_d5_lr005,0.05308,-0.722299
NOC_target30,MLP_64_relu_lr0005,0.286437,-177.483481
NOC_target30,MLP_64_relu_lr001,0.289619,-187.715387
NOC_target30,MLP_64_relu_lr005,0.29549,-203.88761
NOC_target30,MLP_64_relu_lr01,0.298565,-206.595392
NOC_target60,Srbf_C1_e01_gscale,0.085653,-1.470552
NOC_target60,Srbf_C1_e01_g001,0.08061,-2.10174
NOC_target60,Srbf_C1_e01_g01,0.122396,-6.38238
NOC_target60,Srbf_C1_e05_gscale,0.079242,-1.054854
NOC_target60,Srbf_C1_e05_g001,0.079464,-2.145194
NOC_target60,Srbf_C1_e05_g01,0.099609,-3.177419
NOC_target60,Srbf_C10_e01_gscale,0.097369,-2.186577
NOC_target60,Srbf_C10_e01_g001,0.129311,-12.215561
NOC_target60,Srbf_C10_e01_g01,0.142304,-8.472987
NOC_target60,Srbf_C10_e05_gscale,0.083604,-1.296644
NOC_target60,Srbf_C10_e05_g001,0.112682,-8.478504
NOC_target60,Srbf_C10_e05_g01,0.131941,-6.809893
NOC_target60,Srbf_C100_e01_gscale,0.100949,-2.406531
NOC_target60,Srbf_C100_e01_g001,0.241046,-49.45607
NOC_target60,Srbf_C100_e01_g01,0.203175,-15.864806
NOC_target60,Srbf_C100_e05_gscale,0.083582,-1.295447
NOC_target60,Srbf_C100_e05_g001,0.214747,-43.808722
NOC_target60,Srbf_C100_e05_g01,0.159109,-9.510467
NOC_target60,Slin_C01,0.090124,-4.107897
NOC_target60,Slin_C1,0.090389,-4.160065
NOC_target60,Slin_C10,0.089893,-4.074539
NOC_target60,Spoly2_C1_gscale,0.411973,-163.527247
NOC_target60,Spoly2_C1_g001,0.083632,-2.636898
NOC_target60,Spoly2_C10_gscale,0.301152,-53.733907
NOC_target60,Spoly2_C10_g001,0.126886,-11.226879
NOC_target60,Spoly3_C1_gscale,0.566676,-170.100486
NOC_target60,Spoly3_C1_g001,0.098449,-4.964471
NOC_target60,GBRT_d3_lr001,0.067979,-0.519159
NOC_target60,GBRT_d3_lr005,0.080718,-1.205347
NOC_target60,GBRT_d4_lr001,0.070746,-0.669926
NOC_target60,GBRT_d4_lr005,0.08027,-1.158546
NOC_target60,GBRT_d5_lr001,0.072462,-0.769427
NOC_target60,GBRT_d5_lr005,0.078911,-1.103607
NOC_target60,MLP_64_relu_lr0005,0.141649,-7.72853
NOC_target60,MLP_64_relu_lr001,0.143902,-7.993115
NOC_target60,MLP_64_relu_lr005,0.134312,-6.60047
NOC_target60,MLP_64_relu_lr01,0.116317,-4.339539
NOC_target90,Srbf_C1_e01_gscale,0.104363,-1.00046
NOC_target90,Srbf_C1_e01_g001,0.134322,-5.939919
NOC_target90,Srbf_C1_e01_g01,0.158394,-5.582662
NOC_target90,Srbf_C1_e05_gscale,0.104925,-1.028295
NOC_target90,Srbf_C1_e05_g001,0.12266,-4.319446
NOC_target90,Srbf_C1_e05_g01,0.140587,-4.065882
NOC_target90,Srbf_C10_e01_gscale,0.132038,-2.312305
NOC_target90,Srbf_C10_e01_g001,0.184297,-15.00123
NOC_target90,Srbf_C10_e01_g01,0.209671,-10.928669
NOC_target90,Srbf_C10_e05_gscale,0.115839,-1.42194
NOC_target90,Srbf_C10_e05_g001,0.15282,-8.933006
NOC_target90,Srbf_C10_e05_g01,0.214709,-12.631242
NOC_target90,Srbf_C100_e01_gscale,0.162267,-4.131864
NOC_target90,Srbf_C100_e01_g001,0.361654,-68.337194
NOC_target90,Srbf_C100_e01_g01,0.268542,-17.177398
NOC_target90,Srbf_C100_e05_gscale,0.116593,-1.446962
NOC_target90,Srbf_C100_e05_g001,0.329117,-65.993822
NOC_target90,Srbf_C100_e05_g01,0.262196,-17.310377
NOC_target90,Slin_C01,0.152437,-10.407138
NOC_target90,Slin_C1,0.153252,-10.613087
NOC_target90,Slin_C10,0.153094,-10.570373
NOC_target90,Spoly2_C1_gscale,0.53563,-138.120393
NOC_target90,Spoly2_C1_g001,0.141154,-7.647262
NOC_target90,Spoly2_C10_gscale,0.49493,-99.655552
NOC_target90,Spoly2_C10_g001,0.184251,-15.867882
NOC_target90,Spoly3_C1_gscale,1.578506,-947.206615
NOC_target90,Spoly3_C1_g001,0.152616,-9.631589
NOC_target90,GBRT_d3_lr001,0.093113,-0.566346
NOC_target90,GBRT_d3_lr005,0.103037,-0.933071
NOC_target90,GBRT_d4_lr001,0.09586,-0.682178
NOC_target90,GBRT_d4_lr005,0.101841,-0.892916
NOC_target90,GBRT_d5_lr001,0.098003,-0.787279
NOC_target90,GBRT_d5_lr005,0.101253,-0.878316
NOC_target90,MLP_64_relu_lr0005,0.343828,-64.987382
NOC_target90,MLP_64_relu_lr001,0.330452,-58.2078
NOC_target90,MLP_64_relu_lr005,0.344949,-63.858219
NOC_target90,MLP_64_relu_lr01,0.338472,-56.913154
PRU_target30,Srbf_C1_e01_gscale,0.088396,-2.563685
PRU_target30,Srbf_C1_e01_g001,0.057541,-0.22763
PRU_target30,Srbf_C1_e01_g01,0.068545,-0.880237
PRU_target30,Srbf_C1_e05_gscale,0.0695,-0.911845
PRU_target30,Srbf_C1_e05_g001,0.056643,-0.172415
PRU_target30,Srbf_C1_e05_g01,0.062981,-0.486002
PRU_target30,Srbf_C10_e01_gscale,0.120656,-6.7435
PRU_target30,Srbf_C10_e01_g001,0.065903,-0.638997
PRU_target30,Srbf_C10_e01_g01,0.098385,-3.384242
PRU_target30,Srbf_C10_e05_gscale,0.079623,-1.652599
PRU_target30,Srbf_C10_e05_g001,0.060297,-0.33637
PRU_target30,Srbf_C10_e05_g01,0.086759,-2.049549
PRU_target30,Srbf_C100_e01_gscale,0.129943,-7.679359
PRU_target30,Srbf_C100_e01_g001,0.086839,-1.871985
PRU_target30,Srbf_C100_e01_g01,0.168253,-14.85445
PRU_target30,Srbf_C100_e05_gscale,0.081589,-1.843354
PRU_target30,Srbf_C100_e05_g001,0.076792,-1.113582
PRU_target30,Srbf_C100_e05_g01,0.133083,-7.023364
PRU_target30,Slin_C01,0.058152,-0.264423
PRU_target30,Slin_C1,0.058481,-0.285608
PRU_target30,Slin_C10,0.05849,-0.286448
PRU_target30,Spoly2_C1_gscale,0.133035,-5.805379
PRU_target30,Spoly2_C1_g001,0.05778,-0.234778
PRU_target30,Spoly2_C10_gscale,0.219522,-25.598256
PRU_target30,Spoly2_C10_g001,0.065737,-0.69001
PRU_target30,Spoly3_C1_gscale,0.808018,-597.967827
PRU_target30,Spoly3_C1_g001,0.059528,-0.307323
PRU_target30,GBRT_d3_lr001,0.060907,-0.387626
PRU_target30,GBRT_d3_lr005,0.077407,-1.376227
PRU_target30,GBRT_d4_lr001,0.063199,-0.508651
PRU_target30,GBRT_d4_lr005,0.077741,-1.412
PRU_target30,GBRT_d5_lr001,0.064842,-0.604846
PRU_target30,GBRT_d5_lr005,0.07754,-1.420997
PRU_target30,MLP_64_relu_lr0005,0.162486,-15.919083
PRU_target30,MLP_64_relu_lr001,0.158909,-15.004842
PRU_target30,MLP_64_relu_lr005,0.1341,-8.661076
PRU_target30,MLP_64_relu_lr01,0.126362,-6.649453
PRU_target60,Srbf_C1_e01_gscale,0.130429,-3.086656
PRU_target60,Srbf_C1_e01_g001,0.077714,-0.138403
PRU_target60,Srbf_C1_e01_g01,0.095604,-0.937961
PRU_target60,Srbf_C1_e05_gscale,0.113333,-1.754292
PRU_target60,Srbf_C1_e05_g001,0.077542,-0.140944
PRU_target60,Srbf_C1_e05_g01,0.094175,-0.918845
PRU_target60,Srbf_C10_e01_gscale,0.206518,-10.59765
PRU_target60,Srbf_C10_e01_g001,0.085635,-0.430588
PRU_target60,Srbf_C10_e01_g01,0.149462,-4.305826
PRU_target60,Srbf_C10_e05_gscale,0.142007,-3.620795
PRU_target60,Srbf_C10_e05_g001,0.083818,-0.389696
PRU_target60,Srbf_C10_e05_g01,0.134713,-3.022645
PRU_target60,Srbf_C100_e01_gscale,0.246,-15.350138
PRU_target60,Srbf_C100_e01_g001,0.109684,-1.407316
PRU_target60,Srbf_C100_e01_g01,0.328752,-33.141827
PRU_target60,Srbf_C100_e05_gscale,0.152987,-4.62503
PRU_target60,Srbf_C100_e05_g001,0.106589,-1.308349
PRU_target60,Srbf_C100_e05_g01,0.25534,-19.083422
PRU_target60,Slin_C01,0.07961,-0.169218
PRU_target60,Slin_C1,0.07974,-0.174113
PRU_target60,Slin_C10,0.079782,-0.175051
PRU_target60,Spoly2_C1_gscale,0.182882,-5.774912
PRU_target60,Spoly2_C1_g001,0.078907,-0.147011
PRU_target60,Spoly2_C10_gscale,0.250973,-12.426031
PRU_target60,Spoly2_C10_g001,0.084259,-0.347341
PRU_target60,Spoly3_C1_gscale,0.456896,-40.950545
PRU_target60,Spoly3_C1_g001,0.080764,-0.212706
PRU_target60,GBRT_d3_lr001,0.088296,-0.607003
PRU_target60,GBRT_d3_lr005,0.104494,-1.509664
PRU_target60,GBRT_d4_lr001,0.091508,-0.754294
PRU_target60,GBRT_d4_lr005,0.104617,-1.491962
PRU_target60,GBRT_d5_lr001,0.09247,-0.793107
PRU_target60,GBRT_d5_lr005,0.103549,-1.396824
PRU_target60,MLP_64_relu_lr0005,0.181826,-8.483014
PRU_target60,MLP_64_relu_lr001,0.181769,-8.753562
PRU_target60,MLP_64_relu_lr005,0.188009,-10.371295
PRU_target60,MLP_64_relu_lr01,0.19027,-9.456878
PRU_target90,Srbf_C1_e01_gscale,0.198354,-4.270208
PRU_target90,Srbf_C1_e01_g001,0.104158,-0.181495
PRU_target90,Srbf_C1_e01_g01,0.157399,-2.429057
PRU_target90,Srbf_C1_e05_gscale,0.171861,-2.698583
PRU_target90,Srbf_C1_e05_g001,0.103693,-0.171533
PRU_target90,Srbf_C1_e05_g01,0.153279,-2.35629
PRU_target90,Srbf_C10_e01_gscale,0.280887,-10.893931
PRU_target90,Srbf_C10_e01_g001,0.124464,-0.834976
PRU_target90,Srbf_C10_e01_g01,0.271925,-10.060739
PRU_target90,Srbf_C10_e05_gscale,0.232017,-6.383929
PRU_target90,Srbf_C10_e05_g001,0.119408,-0.651781
PRU_target90,Srbf_C10_e05_g01,0.240389,-7.867097
PRU_target90,Srbf_C100_e01_gscale,0.353492,-17.451373
PRU_target90,Srbf_C100_e01_g001,0.187027,-3.915299
PRU_target90,Srbf_C100_e01_g01,0.437393,-30.742313
PRU_target90,Srbf_C100_e05_gscale,0.253554,-7.787761
PRU_target90,Srbf_C100_e05_g001,0.169204,-3.177935
PRU_target90,Srbf_C100_e05_g01,0.385742,-25.199643
PRU_target90,Slin_C01,0.106014,-0.224552
PRU_target90,Slin_C1,0.10783,-0.277217
PRU_target90,Slin_C10,0.108112,-0.28576
PRU_target90,Spoly2_C1_gscale,0.32051,-15.311478
PRU_target90,Spoly2_C1_g001,0.102335,-0.131772
PRU_target90,Spoly2_C10_gscale,0.404778,-27.190209
PRU_target90,Spoly2_C10_g001,0.115384,-0.519362
PRU_target90,Spoly3_C1_gscale,0.796881,-72.637337
PRU_target90,Spoly3_C1_g001,0.105488,-0.212962
PRU_target90,GBRT_d3_lr001,0.116085,-0.487509
PRU_target90,GBRT_d3_lr005,0.140899,-1.379998
PRU_target90,GBRT_d4_lr001,0.12053,-0.632947
PRU_target90,GBRT_d4_lr005,0.139678,-1.306631
PRU_target90,GBRT_d5_lr001,0.121715,-0.680539
PRU_target90,GBRT_d5_lr005,0.135879,-1.237201
PRU_target90,MLP_64_relu_lr0005,0.281832,-13.100865
PRU_target90,MLP_64_relu_lr001,0.290967,-14.4876
PRU_target90,MLP_64_relu_lr005,0.283182,-12.655933
PRU_target90,MLP_64_relu_lr01,0.248292,-9.498508
TRV_target30,Srbf_C1_e01_gscale,0.049607,-0.783984
TRV_target30,Srbf_C1_e01_g001,0.040191,-0.088587
TRV_target30,Srbf_C1_e01_g01,0.043316,-0.314553
TRV_target30,Srbf_C1_e05_gscale,0.04428,-0.371496
TRV_target30,Srbf_C1_e05_g001,0.039707,-0.08
TRV_target30,Srbf_C1_e05_g01,0.043649,-0.318295
TRV_target30,Srbf_C10_e01_gscale,0.058288,-1.495873
TRV_target30,Srbf_C10_e01_g001,0.045321,-0.343166
TRV_target30,Srbf_C10_e01_g01,0.052744,-0.892381
TRV_target30,Srbf_C10_e05_gscale,0.045027,-0.423011
TRV_target30,Srbf_C10_e05_g001,0.043146,-0.250564
TRV_target30,Srbf_C10_e05_g01,0.049047,-0.655498
TRV_target30,Srbf_C100_e01_gscale,0.066565,-2.372407
TRV_target30,Srbf_C100_e01_g001,0.051472,-0.730618
TRV_target30,Srbf_C100_e01_g01,0.074803,-2.678836
TRV_target30,Srbf_C100_e05_gscale,0.045027,-0.423011
TRV_target30,Srbf_C100_e05_g001,0.050156,-0.643142
TRV_target30,Srbf_C100_e05_g01,0.053781,-0.942739
TRV_target30,Slin_C01,0.039135,-0.062328
TRV_target30,Slin_C1,0.039178,-0.065092
TRV_target30,Slin_C10,0.039159,-0.064286
TRV_target30,Spoly2_C1_gscale,0.063616,-1.661725
TRV_target30,Spoly2_C1_g001,0.039734,-0.069285
TRV_target30,Spoly2_C10_gscale,0.07251,-2.528328
TRV_target30,Spoly2_C10_g001,0.042571,-0.205216
TRV_target30,Spoly3_C1_gscale,0.411677,-205.894257
TRV_target30,Spoly3_C1_g001,0.043185,-0.222812
TRV_target30,GBRT_d3_lr001,0.040777,-0.159508
TRV_target30,GBRT_d3_lr005,0.043781,-0.378502
TRV_target30,GBRT_d4_lr001,0.041528,-0.212313
TRV_target30,GBRT_d4_lr005,0.044228,-0.410428
TRV_target30,GBRT_d5_lr001,0.041821,-0.230198
TRV_target30,GBRT_d5_lr005,0.044333,-0.409406
TRV_target30,MLP_64_relu_lr0005,0.085921,-4.118395
TRV_target30,MLP_64_relu_lr001,0.082993,-3.742399
TRV_target30,MLP_64_relu_lr005,0.07245,-2.748735
TRV_target30,MLP_64_relu_lr01,0.062838,-1.862131
TRV_target60,Srbf_C1_e01_gscale,0.069786,-0.898807
TRV_target60,Srbf_C1_e01_g001,0.056681,-0.148342
TRV_target60,Srbf_C1_e01_g01,0.062893,-0.476805
TRV_target60,Srbf_C1_e05_gscale,0.065317,-0.611025
TRV_target60,Srbf_C1_e05_g001,0.056318,-0.136353
TRV_target60,Srbf_C1_e05_g01,0.060353,-0.359403
TRV_target60,Srbf_C10_e01_gscale,0.077719,-1.358032
TRV_target60,Srbf_C10_e01_g001,0.065189,-0.47204
TRV_target60,Srbf_C10_e01_g01,0.075128,-1.09891
TRV_target60,Srbf_C10_e05_gscale,0.070806,-0.934564
TRV_target60,Srbf_C10_e05_g001,0.062011,-0.331099
TRV_target60,Srbf_C10_e05_g01,0.070338,-0.908125
TRV_target60,Srbf_C100_e01_gscale,0.084731,-1.890395
TRV_target60,Srbf_C100_e01_g001,0.083352,-1.356875
TRV_target60,Srbf_C100_e01_g01,0.096697,-2.367545
TRV_target60,Srbf_C100_e05_gscale,0.074362,-1.178174
TRV_target60,Srbf_C100_e05_g001,0.074047,-0.842344
TRV_target60,Srbf_C100_e05_g01,0.082135,-1.612327
TRV_target60,Slin_C01,0.057256,-0.189962
TRV_target60,Slin_C1,0.057427,-0.198256
TRV_target60,Slin_C10,0.057439,-0.198804
TRV_target60,Spoly2_C1_gscale,0.118867,-4.053318
TRV_target60,Spoly2_C1_g001,0.056116,-0.1302
TRV_target60,Spoly2_C10_gscale,0.130562,-5.024012
TRV_target60,Spoly2_C10_g001,0.062469,-0.362038
TRV_target60,Spoly3_C1_gscale,0.337684,-56.74478
TRV_target60,Spoly3_C1_g001,0.060432,-0.265925
TRV_target60,GBRT_d3_lr001,0.055797,-0.12367
TRV_target60,GBRT_d3_lr005,0.061074,-0.38576
TRV_target60,GBRT_d4_lr001,0.056842,-0.168765
TRV_target60,GBRT_d4_lr005,0.061694,-0.407876
TRV_target60,GBRT_d5_lr001,0.057659,-0.206845
TRV_target60,GBRT_d5_lr005,0.061741,-0.412568
TRV_target60,MLP_64_relu_lr0005,0.100773,-2.603337
TRV_target60,MLP_64_relu_lr001,0.094393,-2.215461
TRV_target60,MLP_64_relu_lr005,0.091457,-2.026401
TRV_target60,MLP_64_relu_lr01,0.086008,-1.752101
TRV_target90,Srbf_C1_e01_gscale,0.092267,-0.822436
TRV_target90,Srbf_C1_e01_g001,0.075174,-0.122601
TRV_target90,Srbf_C1_e01_g01,0.08299,-0.419584
TRV_target90,Srbf_C1_e05_gscale,0.090039,-0.704917
TRV_target90,Srbf_C1_e05_g001,0.071978,-0.037933
TRV_target90,Srbf_C1_e05_g01,0.078883,-0.27014
TRV_target90,Srbf_C10_e01_gscale,0.108676,-1.639534
TRV_target90,Srbf_C10_e01_g001,0.082599,-0.326249
TRV_target90,Srbf_C10_e01_g01,0.100278,-1.110127
TRV_target90,Srbf_C10_e05_gscale,0.100169,-1.199134
TRV_target90,Srbf_C10_e05_g001,0.078384,-0.204219
TRV_target90,Srbf_C10_e05_g01,0.09345,-0.801515
TRV_target90,Srbf_C100_e01_gscale,0.123967,-2.584677
TRV_target90,Srbf_C100_e01_g001,0.099832,-0.8819
TRV_target90,Srbf_C100_e01_g01,0.116178,-1.791492
TRV_target90,Srbf_C100_e05_gscale,0.104582,-1.445821
TRV_target90,Srbf_C100_e05_g001,0.096946,-0.77507
TRV_target90,Srbf_C100_e05_g01,0.112448,-1.616683
TRV_target90,Slin_C01,0.07814,-0.266665
TRV_target90,Slin_C1,0.078259,-0.271809
TRV_target90,Slin_C10,0.078281,-0.273593
TRV_target90,Spoly2_C1_gscale,0.125425,-2.054842
TRV_target90,Spoly2_C1_g001,0.07467,-0.11362
TRV_target90,Spoly2_C10_gscale,0.142268,-2.942575
TRV_target90,Spoly2_C10_g001,0.082794,-0.326731
TRV_target90,Spoly3_C1_gscale,0.523045,-84.85103
TRV_target90,Spoly3_C1_g001,0.078458,-0.19961
TRV_target90,GBRT_d3_lr001,0.075196,-0.146297
TRV_target90,GBRT_d3_lr005,0.08094,-0.360354
TRV_target90,GBRT_d4_lr001,0.076904,-0.210063
TRV_target90,GBRT_d4_lr005,0.081767,-0.380912
TRV_target90,GBRT_d5_lr001,0.078505,-0.267165
TRV_target90,GBRT_d5_lr005,0.082345,-0.409309
TRV_target90,MLP_64_relu_lr0005,0.111525,-1.600291
TRV_target90,MLP_64_relu_lr001,0.10975,-1.487603
TRV_target90,MLP_64_relu_lr005,0.105593,-1.358311
TRV_target90,MLP_64_relu_lr01,0.110426,-1.435516
KO_target30,Srbf_C1_e01_gscale,0.039557,-0.747697
KO_target30,Srbf_C1_e01_g001,0.032244,-0.080529
KO_target30,Srbf_C1_e01_g01,0.039028,-0.633985
KO_target30,Srbf_C1_e05_gscale,0.032783,-0.141981
KO_target30,Srbf_C1_e05_g001,0.032407,-0.098232
KO_target30,Srbf_C1_e05_g01,0.034393,-0.25924
KO_target30,Srbf_C10_e01_gscale,0.043185,-1.128225
KO_target30,Srbf_C10_e01_g001,0.039797,-0.569352
KO_target30,Srbf_C10_e01_g01,0.047631,-1.436862
KO_target30,Srbf_C10_e05_gscale,0.033008,-0.159431
KO_target30,Srbf_C10_e05_g001,0.03314,-0.156216
KO_target30,Srbf_C10_e05_g01,0.036557,-0.44904
KO_target30,Srbf_C100_e01_gscale,0.044451,-1.278317
KO_target30,Srbf_C100_e01_g001,0.050056,-1.47114
KO_target30,Srbf_C100_e01_g01,0.059767,-2.840573
KO_target30,Srbf_C100_e05_gscale,0.033008,-0.159431
KO_target30,Srbf_C100_e05_g001,0.036733,-0.441033
KO_target30,Srbf_C100_e05_g01,0.038802,-0.636929
KO_target30,Slin_C01,0.031714,-0.057706
KO_target30,Slin_C1,0.031722,-0.058164
KO_target30,Slin_C10,0.031732,-0.059112
KO_target30,Spoly2_C1_gscale,0.057552,-2.280014
KO_target30,Spoly2_C1_g001,0.032901,-0.111414
KO_target30,Spoly2_C10_gscale,0.061901,-2.787856
KO_target30,Spoly2_C10_g001,0.035941,-0.306456
KO_target30,Spoly3_C1_gscale,0.162471,-35.433182
KO_target30,Spoly3_C1_g001,0.03522,-0.244173
KO_target30,GBRT_d3_lr001,0.031064,-0.011183
KO_target30,GBRT_d3_lr005,0.033038,-0.167382
KO_target30,GBRT_d4_lr001,0.031276,-0.029049
KO_target30,GBRT_d4_lr005,0.033323,-0.191179
KO_target30,GBRT_d5_lr001,0.031577,-0.051159
KO_target30,GBRT_d5_lr005,0.033471,-0.199522
KO_target30,MLP_64_relu_lr0005,0.086415,-7.590157
KO_target30,MLP_64_relu_lr001,0.084554,-7.107853
KO_target30,MLP_64_relu_lr005,0.073842,-5.381073
KO_target30,MLP_64_relu_lr01,0.065372,-3.979792
KO_target60,Srbf_C1_e01_gscale,0.059846,-1.190673
KO_target60,Srbf_C1_e01_g001,0.046175,-0.210402
KO_target60,Srbf_C1_e01_g01,0.057865,-0.97894
KO_target60,Srbf_C1_e05_gscale,0.047678,-0.322228
KO_target60,Srbf_C1_e05_g001,0.043658,-0.096062
KO_target60,Srbf_C1_e05_g01,0.049324,-0.440734
KO_target60,Srbf_C10_e01_gscale,0.0659,-1.700076
KO_target60,Srbf_C10_e01_g001,0.055516,-0.698605
KO_target60,Srbf_C10_e01_g01,0.073973,-2.276954
KO_target60,Srbf_C10_e05_gscale,0.04778,-0.328349
KO_target60,Srbf_C10_e05_g001,0.050322,-0.425968
KO_target60,Srbf_C10_e05_g01,0.055785,-0.865881
KO_target60,Srbf_C100_e01_gscale,0.065973,-1.70705
KO_target60,Srbf_C100_e01_g001,0.072671,-1.89771
KO_target60,Srbf_C100_e01_g01,0.102155,-5.807559
KO_target60,Srbf_C100_e05_gscale,0.04778,-0.328349
KO_target60,Srbf_C100_e05_g001,0.061686,-1.096865
KO_target60,Srbf_C100_e05_g01,0.056952,-0.956066
KO_target60,Slin_C01,0.045009,-0.158578
KO_target60,Slin_C1,0.045049,-0.160735
KO_target60,Slin_C10,0.045033,-0.160211
KO_target60,Spoly2_C1_gscale,0.086662,-3.082988
KO_target60,Spoly2_C1_g001,0.047976,-0.278937
KO_target60,Spoly2_C10_gscale,0.094688,-3.798432
KO_target60,Spoly2_C10_g001,0.059608,-0.938478
KO_target60,Spoly3_C1_gscale,0.331334,-84.479303
KO_target60,Spoly3_C1_g001,0.056076,-0.715327
KO_target60,GBRT_d3_lr001,0.074358,-3.681868
KO_target60,GBRT_d3_lr005,0.086607,-5.69067
KO_target60,GBRT_d4_lr001,0.076369,-3.999725
KO_target60,GBRT_d4_lr005,0.085689,-5.527231
KO_target60,GBRT_d5_lr001,0.077657,-4.225722
KO_target60,GBRT_d5_lr005,0.086597,-5.737742
KO_target60,MLP_64_relu_lr0005,0.107149,-6.268061
KO_target60,MLP_64_relu_lr001,0.103258,-5.777966
KO_target60,MLP_64_relu_lr005,0.098931,-5.171426
KO_target60,MLP_64_relu_lr01,0.083419,-3.372722
KO_target90,Srbf_C1_e01_gscale,0.09012,-1.74834
KO_target90,Srbf_C1_e01_g001,0.062316,-0.25238
KO_target90,Srbf_C1_e01_g01,0.077525,-0.909027
KO_target90,Srbf_C1_e05_gscale,0.074546,-0.863721
KO_target90,Srbf_C1_e05_g001,0.057255,-0.065767
KO_target90,Srbf_C1_e05_g01,0.069222,-0.637569
KO_target90,Srbf_C10_e01_gscale,0.110356,-3.327942
KO_target90,Srbf_C10_e01_g001,0.074517,-0.736056
KO_target90,Srbf_C10_e01_g01,0.105841,-2.588732
KO_target90,Srbf_C10_e05_gscale,0.077154,-0.99428
KO_target90,Srbf_C10_e05_g001,0.06423,-0.359028
KO_target90,Srbf_C10_e05_g01,0.090809,-1.890235
KO_target90,Srbf_C100_e01_gscale,0.118691,-4.188878
KO_target90,Srbf_C100_e01_g001,0.098785,-2.134427
KO_target90,Srbf_C100_e01_g01,0.169276,-8.774049
KO_target90,Srbf_C100_e05_gscale,0.077154,-0.99428
KO_target90,Srbf_C100_e05_g001,0.081086,-1.159615
KO_target90,Srbf_C100_e05_g01,0.114688,-3.359741
KO_target90,Slin_C01,0.059353,-0.180674
KO_target90,Slin_C1,0.059417,-0.18418
KO_target90,Slin_C10,0.059371,-0.181215
KO_target90,Spoly2_C1_gscale,0.101531,-2.308298
KO_target90,Spoly2_C1_g001,0.060345,-0.192595
KO_target90,Spoly2_C10_gscale,0.104088,-2.466026
KO_target90,Spoly2_C10_g001,0.069658,-0.521807
KO_target90,Spoly3_C1_gscale,0.314798,-32.136833
KO_target90,Spoly3_C1_g001,0.06465,-0.325693
KO_target90,GBRT_d3_lr001,0.086607,-1.919805
KO_target90,GBRT_d3_lr005,0.095633,-2.572775
KO_target90,GBRT_d4_lr001,0.08747,-2.015527
KO_target90,GBRT_d4_lr005,0.094773,-2.525482
KO_target90,GBRT_d5_lr001,0.089379,-2.181498
KO_target90,GBRT_d5_lr005,0.093999,-2.531466
KO_target90,MLP_64_relu_lr0005,0.121763,-3.918895
KO_target90,MLP_64_relu_lr001,0.122974,-3.944897
KO_target90,MLP_64_relu_lr005,0.111097,-3.059958
KO_target90,MLP_64_relu_lr01,0.122873,-4.250785
CVX_target30,Srbf_C1_e01_gscale,0.067772,-0.995125
CVX_target30,Srbf_C1_e01_g001,0.056874,-0.275822
CVX_target30,Srbf_C1_e01_g01,0.078737,-1.608996
CVX_target30,Srbf_C1_e05_gscale,0.059085,-0.503503
CVX_target30,Srbf_C1_e05_g001,0.054265,-0.233807
CVX_target30,Srbf_C1_e05_g01,0.072106,-1.194099
CVX_target30,Srbf_C10_e01_gscale,0.082663,-1.968488
CVX_target30,Srbf_C10_e01_g001,0.079736,-1.490864
CVX_target30,Srbf_C10_e01_g01,0.107593,-4.028024
CVX_target30,Srbf_C10_e05_gscale,0.060491,-0.588773
CVX_target30,Srbf_C10_e05_g001,0.06694,-0.864469
CVX_target30,Srbf_C10_e05_g01,0.095496,-3.012648
CVX_target30,Srbf_C100_e01_gscale,0.101662,-3.740012
CVX_target30,Srbf_C100_e01_g001,0.126326,-5.348236
CVX_target30,Srbf_C100_e01_g01,0.177964,-15.943104
CVX_target30,Srbf_C100_e05_gscale,0.060687,-0.603621
CVX_target30,Srbf_C100_e05_g001,0.111214,-4.395797
CVX_target30,Srbf_C100_e05_g01,0.113334,-5.08218
CVX_target30,Slin_C01,0.053042,-0.168531
CVX_target30,Slin_C1,0.053083,-0.172378
CVX_target30,Slin_C10,0.053063,-0.170228
CVX_target30,Spoly2_C1_gscale,0.146833,-7.943382
CVX_target30,Spoly2_C1_g001,0.055527,-0.224051
CVX_target30,Spoly2_C10_gscale,0.152696,-8.551812
CVX_target30,Spoly2_C10_g001,0.069715,-0.936538
CVX_target30,Spoly3_C1_gscale,0.454302,-90.0116
CVX_target30,Spoly3_C1_g001,0.061461,-0.458951
CVX_target30,GBRT_d3_lr001,0.052758,-0.131716
CVX_target30,GBRT_d3_lr005,0.060263,-0.493679
CVX_target30,GBRT_d4_lr001,0.05409,-0.193804
CVX_target30,GBRT_d4_lr005,0.061072,-0.53759
CVX_target30,GBRT_d5_lr001,0.054709,-0.225019
CVX_target30,GBRT_d5_lr005,0.061593,-0.562652
CVX_target30,MLP_64_relu_lr0005,0.131478,-6.692101
CVX_target30,MLP_64_relu_lr001,0.126564,-6.198544
CVX_target30,MLP_64_relu_lr005,0.11859,-5.234728
CVX_target30,MLP_64_relu_lr01,0.108937,-4.335945
CVX_target60,Srbf_C1_e01_gscale,0.096358,-1.100834
CVX_target60,Srbf_C1_e01_g001,0.078154,-0.312338
CVX_target60,Srbf_C1_e01_g01,0.100119,-1.224652
CVX_target60,Srbf_C1_e05_gscale,0.090676,-0.868672
CVX_target60,Srbf_C1_e05_g001,0.077603,-0.283247
CVX_target60,Srbf_C1_e05_g01,0.097146,-1.089442
CVX_target60,Srbf_C10_e01_gscale,0.10992,-1.825156
CVX_target60,Srbf_C10_e01_g001,0.091972,-0.783786
CVX_target60,Srbf_C10_e01_g01,0.134365,-2.968028
CVX_target60,Srbf_C10_e05_gscale,0.094337,-1.008747
CVX_target60,Srbf_C10_e05_g001,0.087722,-0.625618
CVX_target60,Srbf_C10_e05_g01,0.123394,-2.415492
CVX_target60,Srbf_C100_e01_gscale,0.125345,-2.945677
CVX_target60,Srbf_C100_e01_g001,0.128291,-2.27125
CVX_target60,Srbf_C100_e01_g01,0.1862,-6.524522
CVX_target60,Srbf_C100_e05_gscale,0.097636,-1.183889
CVX_target60,Srbf_C100_e05_g001,0.130434,-2.483298
CVX_target60,Srbf_C100_e05_g01,0.167177,-5.619718
CVX_target60,Slin_C01,0.077603,-0.329403
CVX_target60,Slin_C1,0.077623,-0.329509
CVX_target60,Slin_C10,0.077662,-0.331491
CVX_target60,Spoly2_C1_gscale,0.162645,-4.136957
CVX_target60,Spoly2_C1_g001,0.076539,-0.277137
CVX_target60,Spoly2_C10_gscale,0.182851,-5.531466
CVX_target60,Spoly2_C10_g001,0.087855,-0.641406
CVX_target60,Spoly3_C1_gscale,0.74862,-140.575002
CVX_target60,Spoly3_C1_g001,0.079082,-0.344396
CVX_target60,GBRT_d3_lr001,0.074806,-0.168499
CVX_target60,GBRT_d3_lr005,0.083165,-0.464133
CVX_target60,GBRT_d4_lr001,0.076335,-0.222382
CVX_target60,GBRT_d4_lr005,0.084827,-0.539288
CVX_target60,GBRT_d5_lr001,0.077568,-0.269732
CVX_target60,GBRT_d5_lr005,0.084254,-0.514253
CVX_target60,MLP_64_relu_lr0005,0.148792,-3.935079
CVX_target60,MLP_64_relu_lr001,0.15761,-4.636109
CVX_target60,MLP_64_relu_lr005,0.172397,-6.107036
CVX_target60,MLP_64_relu_lr01,0.16177,-5.023609
CVX_target90,Srbf_C1_e01_gscale,0.12538,-0.83673
CVX_target90,Srbf_C1_e01_g001,0.106387,-0.333951
CVX_target90,Srbf_C1_e01_g01,0.131685,-1.04466
CVX_target90,Srbf_C1_e05_gscale,0.121708,-0.736779
CVX_target90,Srbf_C1_e05_g001,0.099966,-0.161932
CVX_target90,Srbf_C1_e05_g01,0.124882,-0.805772
CVX_target90,Srbf_C10_e01_gscale,0.139762,-1.253366
CVX_target90,Srbf_C10_e01_g001,0.11982,-0.630661
CVX_target90,Srbf_C10_e01_g01,0.156798,-1.901138
CVX_target90,Srbf_C10_e05_gscale,0.127543,-0.908792
CVX_target90,Srbf_C10_e05_g001,0.115644,-0.475128
CVX_target90,Srbf_C10_e05_g01,0.160011,-2.051571
CVX_target90,Srbf_C100_e01_gscale,0.165289,-2.238184
CVX_target90,Srbf_C100_e01_g001,0.156637,-1.755466
CVX_target90,Srbf_C100_e01_g01,0.229951,-5.317524
CVX_target90,Srbf_C100_e05_gscale,0.129711,-0.994876
CVX_target90,Srbf_C100_e05_g001,0.148782,-1.505935
CVX_target90,Srbf_C100_e05_g01,0.205389,-4.47079
CVX_target90,Slin_C01,0.108592,-0.408562
CVX_target90,Slin_C1,0.108521,-0.406725
CVX_target90,Slin_C10,0.10869,-0.411911
CVX_target90,Spoly2_C1_gscale,0.218051,-3.983204
CVX_target90,Spoly2_C1_g001,0.107066,-0.350646
CVX_target90,Spoly2_C10_gscale,0.256114,-5.939435
CVX_target90,Spoly2_C10_g001,0.129604,-0.782879
CVX_target90,Spoly3_C1_gscale,1.047645,-181.443979
CVX_target90,Spoly3_C1_g001,0.111878,-0.414851
CVX_target90,GBRT_d3_lr001,0.102695,-0.208957
CVX_target90,GBRT_d3_lr005,0.10964,-0.406767
CVX_target90,GBRT_d4_lr001,0.104994,-0.272528
CVX_target90,GBRT_d4_lr005,0.10994,-0.409514
CVX_target90,GBRT_d5_lr001,0.105381,-0.284621
CVX_target90,GBRT_d5_lr005,0.108743,-0.376773
CVX_target90,MLP_64_relu_lr0005,0.180009,-2.855673
CVX_target90,MLP_64_relu_lr001,0.173606,-2.668245
CVX_target90,MLP_64_relu_lr005,0.16837,-2.346885
CVX_target90,MLP_64_relu_lr01,0.171026,-2.413926
BLK_target30,Srbf_C1_e01_gscale,0.059415,-0.528468
BLK_target30,Srbf_C1_e01_g001,0.048909,-0.022461
BLK_target30,Srbf_C1_e01_g01,0.053796,-0.221194
BLK_target30,Srbf_C1_e05_gscale,0.056694,-0.409271
BLK_target30,Srbf_C1_e05_g001,0.049094,-0.028236
BLK_target30,Srbf_C1_e05_g01,0.052699,-0.194759
BLK_target30,Srbf_C10_e01_gscale,0.06961,-1.107095
BLK_target30,Srbf_C10_e01_g001,0.051583,-0.119046
BLK_target30,Srbf_C10_e01_g01,0.064998,-0.753392
BLK_target30,Srbf_C10_e05_gscale,0.060583,-0.588214
BLK_target30,Srbf_C10_e05_g001,0.051843,-0.144881
BLK_target30,Srbf_C10_e05_g01,0.05952,-0.519345
BLK_target30,Srbf_C100_e01_gscale,0.082258,-1.954893
BLK_target30,Srbf_C100_e01_g001,0.063797,-0.692442
BLK_target30,Srbf_C100_e01_g01,0.08571,-2.202363
BLK_target30,Srbf_C100_e05_gscale,0.061,-0.610554
BLK_target30,Srbf_C100_e05_g001,0.059514,-0.476288
BLK_target30,Srbf_C100_e05_g01,0.072692,-1.189872
BLK_target30,Slin_C01,0.048681,-0.021687
BLK_target30,Slin_C1,0.0487,-0.022768
BLK_target30,Slin_C10,0.048667,-0.020867
BLK_target30,Spoly2_C1_gscale,0.073164,-1.295076
BLK_target30,Spoly2_C1_g001,0.048951,-0.024241
BLK_target30,Spoly2_C10_gscale,0.075921,-1.489548
BLK_target30,Spoly2_C10_g001,0.050954,-0.095028
BLK_target30,Spoly3_C1_gscale,0.302912,-62.733225
BLK_target30,Spoly3_C1_g001,0.049894,-0.056319
BLK_target30,GBRT_d3_lr001,0.049133,-0.032244
BLK_target30,GBRT_d3_lr005,0.051648,-0.147254
BLK_target30,GBRT_d4_lr001,0.049552,-0.054021
BLK_target30,GBRT_d4_lr005,0.052278,-0.175113
BLK_target30,GBRT_d5_lr001,0.049773,-0.065316
BLK_target30,GBRT_d5_lr005,0.052814,-0.197541
BLK_target30,MLP_64_relu_lr0005,0.079058,-1.657114
BLK_target30,MLP_64_relu_lr001,0.078344,-1.686673
BLK_target30,MLP_64_relu_lr005,0.071171,-1.154711
BLK_target30,MLP_64_relu_lr01,0.067524,-0.963103
BLK_target60,Srbf_C1_e01_gscale,0.107043,-1.849536
BLK_target60,Srbf_C1_e01_g001,0.071738,-0.158525
BLK_target60,Srbf_C1_e01_g01,0.093611,-1.299049
BLK_target60,Srbf_C1_e05_gscale,0.094884,-1.176621
BLK_target60,Srbf_C1_e05_g001,0.070806,-0.081549
BLK_target60,Srbf_C1_e05_g01,0.086572,-0.848926
BLK_target60,Srbf_C10_e01_gscale,0.138691,-3.540713
BLK_target60,Srbf_C10_e01_g001,0.081215,-0.527807
BLK_target60,Srbf_C10_e01_g01,0.145466,-5.951253
BLK_target60,Srbf_C10_e05_gscale,0.104143,-1.602542
BLK_target60,Srbf_C10_e05_g001,0.078043,-0.34491
BLK_target60,Srbf_C10_e05_g01,0.127773,-4.318739
BLK_target60,Srbf_C100_e01_gscale,0.156779,-4.676082
BLK_target60,Srbf_C100_e01_g001,0.115528,-2.606098
BLK_target60,Srbf_C100_e01_g01,0.224011,-15.947665
BLK_target60,Srbf_C100_e05_gscale,0.104315,-1.607888
BLK_target60,Srbf_C100_e05_g001,0.109221,-1.963531
BLK_target60,Srbf_C100_e05_g01,0.173214,-8.798527
BLK_target60,Slin_C01,0.07229,-0.162935
BLK_target60,Slin_C1,0.072234,-0.161762
BLK_target60,Slin_C10,0.072366,-0.165489
BLK_target60,Spoly2_C1_gscale,0.199185,-12.261162
BLK_target60,Spoly2_C1_g001,0.071727,-0.152109
BLK_target60,Spoly2_C10_gscale,0.272949,-32.466875
BLK_target60,Spoly2_C10_g001,0.07727,-0.360953
BLK_target60,Spoly3_C1_gscale,0.50186,-73.014558
BLK_target60,Spoly3_C1_g001,0.072432,-0.187673
BLK_target60,GBRT_d3_lr001,0.075447,-0.234175
BLK_target60,GBRT_d3_lr005,0.090887,-0.822287
BLK_target60,GBRT_d4_lr001,0.078834,-0.35576
BLK_target60,GBRT_d4_lr005,0.092646,-0.911092
BLK_target60,GBRT_d5_lr001,0.08012,-0.408721
BLK_target60,GBRT_d5_lr005,0.089452,-0.799973
BLK_target60,MLP_64_relu_lr0005,0.143249,-3.996619
BLK_target60,MLP_64_relu_lr001,0.136941,-3.780611
BLK_target60,MLP_64_relu_lr005,0.135103,-3.578457
BLK_target60,MLP_64_relu_lr01,0.1359,-4.132693
BLK_target90,Srbf_C1_e01_gscale,0.145514,-2.001699
BLK_target90,Srbf_C1_e01_g001,0.101458,-0.259948
BLK_target90,Srbf_C1_e01_g01,0.127425,-1.438048
BLK_target90,Srbf_C1_e05_gscale,0.133056,-1.408845
BLK_target90,Srbf_C1_e05_g001,0.098433,-0.176258
BLK_target90,Srbf_C1_e05_g01,0.128892,-1.312457
BLK_target90,Srbf_C10_e01_gscale,0.179226,-3.186093
BLK_target90,Srbf_C10_e01_g001,0.109201,-0.51769
BLK_target90,Srbf_C10_e01_g01,0.195956,-5.926174
BLK_target90,Srbf_C10_e05_gscale,0.15761,-2.299722
BLK_target90,Srbf_C10_e05_g001,0.106939,-0.443132
BLK_target90,Srbf_C10_e05_g01,0.192768,-5.659328
BLK_target90,Srbf_C100_e01_gscale,0.228926,-5.643933
BLK_target90,Srbf_C100_e01_g001,0.155335,-2.859667
BLK_target90,Srbf_C100_e01_g01,0.314075,-13.982598
BLK_target90,Srbf_C100_e05_gscale,0.171302,-2.773283
BLK_target90,Srbf_C100_e05_g001,0.154596,-2.524392
BLK_target90,Srbf_C100_e05_g01,0.264446,-10.334526
BLK_target90,Slin_C01,0.101302,-0.249409
BLK_target90,Slin_C1,0.101167,-0.245564
BLK_target90,Slin_C10,0.101116,-0.243969
BLK_target90,Spoly2_C1_gscale,0.254478,-12.347453
BLK_target90,Spoly2_C1_g001,0.102508,-0.27906
BLK_target90,Spoly2_C10_gscale,0.28977,-17.076391
BLK_target90,Spoly2_C10_g001,0.105396,-0.404705
BLK_target90,Spoly3_C1_gscale,0.447223,-26.467324
BLK_target90,Spoly3_C1_g001,0.104707,-0.341147
BLK_target90,GBRT_d3_lr001,0.107861,-0.388481
BLK_target90,GBRT_d3_lr005,0.128236,-0.961898
BLK_target90,GBRT_d4_lr001,0.111538,-0.488343
BLK_target90,GBRT_d4_lr005,0.124395,-0.850817
BLK_target90,GBRT_d5_lr001,0.113119,-0.53452
BLK_target90,GBRT_d5_lr005,0.120985,-0.74943
BLK_target90,MLP_64_relu_lr0005,0.167126,-2.891038
BLK_target90,MLP_64_relu_lr001,0.165086,-2.835353
BLK_target90,MLP_64_relu_lr005,0.187951,-4.991355
BLK_target90,MLP_64_relu_lr01,0.17612,-4.050961
F_target30,Srbf_C1_e01_gscale,0.08427,-0.887481
F_target30,Srbf_C1_e01_g001,0.067217,-0.138241
F_target30,Srbf_C1_e01_g01,0.084495,-0.758976
F_target30,Srbf_C1_e05_gscale,0.077827,-0.543201
F_target30,Srbf_C1_e05_g001,0.066478,-0.098175
F_target30,Srbf_C1_e05_g01,0.076245,-0.421611
F_target30,Srbf_C10_e01_gscale,0.112754,-2.255421
F_target30,Srbf_C10_e01_g001,0.073013,-0.327795
F_target30,Srbf_C10_e01_g01,0.106782,-1.861724
F_target30,Srbf_C10_e05_gscale,0.089788,-1.005182
F_target30,Srbf_C10_e05_g001,0.072925,-0.310405
F_target30,Srbf_C10_e05_g01,0.091095,-1.024723
F_target30,Srbf_C100_e01_gscale,0.139779,-3.744178
F_target30,Srbf_C100_e01_g001,0.10077,-1.424297
F_target30,Srbf_C100_e01_g01,0.152576,-4.707917
F_target30,Srbf_C100_e05_gscale,0.094605,-1.215188
F_target30,Srbf_C100_e05_g001,0.087967,-0.824943
F_target30,Srbf_C100_e05_g01,0.123792,-2.654896
F_target30,Slin_C01,0.067976,-0.211557
F_target30,Slin_C1,0.067969,-0.210305
F_target30,Slin_C10,0.067947,-0.209606
F_target30,Spoly2_C1_gscale,0.15414,-5.470497
F_target30,Spoly2_C1_g001,0.066464,-0.117491
F_target30,Spoly2_C10_gscale,0.162499,-6.613894
F_target30,Spoly2_C10_g001,0.075183,-0.422339
F_target30,Spoly3_C1_gscale,0.532303,-103.843489
F_target30,Spoly3_C1_g001,0.068774,-0.198467
F_target30,GBRT_d3_lr001,0.064447,-0.029847
F_target30,GBRT_d3_lr005,0.070141,-0.261893
F_target30,GBRT_d4_lr001,0.065402,-0.06708
F_target30,GBRT_d4_lr005,0.071936,-0.320238
F_target30,GBRT_d5_lr001,0.065969,-0.090182
F_target30,GBRT_d5_lr005,0.070612,-0.270528
F_target30,MLP_64_relu_lr0005,0.129804,-5.397049
F_target30,MLP_64_relu_lr001,0.127932,-4.954019
F_target30,MLP_64_relu_lr005,0.118273,-4.274562
F_target30,MLP_64_relu_lr01,0.113545,-3.878527
F_target60,Srbf_C1_e01_gscale,0.116622,-0.787744
F_target60,Srbf_C1_e01_g001,0.096486,-0.114367
F_target60,Srbf_C1_e01_g01,0.117222,-0.613048
F_target60,Srbf_C1_e05_gscale,0.108453,-0.503206
F_target60,Srbf_C1_e05_g001,0.097686,-0.132553
F_target60,Srbf_C1_e05_g01,0.114258,-0.567476
F_target60,Srbf_C10_e01_gscale,0.132696,-1.455429
F_target60,Srbf_C10_e01_g001,0.101546,-0.23043
F_target60,Srbf_C10_e01_g01,0.142673,-1.504775
F_target60,Srbf_C10_e05_gscale,0.116088,-0.800589
F_target60,Srbf_C10_e05_g001,0.102501,-0.242833
F_target60,Srbf_C10_e05_g01,0.135082,-1.211924
F_target60,Srbf_C100_e01_gscale,0.145527,-1.849856
F_target60,Srbf_C100_e01_g001,0.127168,-0.871891
F_target60,Srbf_C100_e01_g01,0.18859,-3.164826
F_target60,Srbf_C100_e05_gscale,0.116551,-0.812108
F_target60,Srbf_C100_e05_g001,0.126642,-0.885585
F_target60,Srbf_C100_e05_g01,0.160244,-2.202062
F_target60,Slin_C01,0.099867,-0.305476
F_target60,Slin_C1,0.100064,-0.314916
F_target60,Slin_C10,0.100055,-0.315233
F_target60,Spoly2_C1_gscale,0.170899,-2.415841
F_target60,Spoly2_C1_g001,0.095512,-0.101053
F_target60,Spoly2_C10_gscale,0.192711,-3.713156
F_target60,Spoly2_C10_g001,0.09938,-0.18559
F_target60,Spoly3_C1_gscale,0.463716,-31.829965
F_target60,Spoly3_C1_g001,0.097038,-0.13636
F_target60,GBRT_d3_lr001,0.093547,-0.087837
F_target60,GBRT_d3_lr005,0.099562,-0.240119
F_target60,GBRT_d4_lr001,0.094553,-0.112571
F_target60,GBRT_d4_lr005,0.099128,-0.228998
F_target60,GBRT_d5_lr001,0.095428,-0.134458
F_target60,GBRT_d5_lr005,0.099915,-0.248847
F_target60,MLP_64_relu_lr0005,0.148,-1.67326
F_target60,MLP_64_relu_lr001,0.149067,-1.680789
F_target60,MLP_64_relu_lr005,0.141825,-1.406857
F_target60,MLP_64_relu_lr01,0.135978,-1.243695
F_target90,Srbf_C1_e01_gscale,0.160137,-1.033054
F_target90,Srbf_C1_e01_g001,0.13913,-0.37475
F_target90,Srbf_C1_e01_g01,0.157993,-0.735296
F_target90,Srbf_C1_e05_gscale,0.154699,-0.837006
F_target90,Srbf_C1_e05_g001,0.133874,-0.256034
F_target90,Srbf_C1_e05_g01,0.155607,-0.676699
F_target90,Srbf_C10_e01_gscale,0.191667,-1.998626
F_target90,Srbf_C10_e01_g001,0.148321,-0.579788
F_target90,Srbf_C10_e01_g01,0.225541,-2.549492
F_target90,Srbf_C10_e05_gscale,0.171466,-1.269123
F_target90,Srbf_C10_e05_g001,0.141559,-0.450546
F_target90,Srbf_C10_e05_g01,0.207472,-1.992892
F_target90,Srbf_C100_e01_gscale,0.233792,-3.373153
F_target90,Srbf_C100_e01_g001,0.17988,-1.134623
F_target90,Srbf_C100_e01_g01,0.319794,-5.860219
F_target90,Srbf_C100_e05_gscale,0.182741,-1.601264
F_target90,Srbf_C100_e05_g001,0.183441,-1.224787
F_target90,Srbf_C100_e05_g01,0.300408,-5.205631
F_target90,Slin_C01,0.141164,-0.51137
F_target90,Slin_C1,0.141267,-0.514443
F_target90,Slin_C10,0.14152,-0.525197
F_target90,Spoly2_C1_gscale,0.276037,-4.220753
F_target90,Spoly2_C1_g001,0.137538,-0.348943
F_target90,Spoly2_C10_gscale,0.314538,-6.744552
F_target90,Spoly2_C10_g001,0.146402,-0.551412
F_target90,Spoly3_C1_gscale,0.755559,-41.718855
F_target90,Spoly3_C1_g001,0.141111,-0.422909
F_target90,GBRT_d3_lr001,0.127665,-0.156524
F_target90,GBRT_d3_lr005,0.141576,-0.505106
F_target90,GBRT_d4_lr001,0.131316,-0.242398
F_target90,GBRT_d4_lr005,0.143917,-0.571124
F_target90,GBRT_d5_lr001,0.13698,-0.390328
F_target90,GBRT_d5_lr005,0.14587,-0.648666
F_target90,MLP_64_relu_lr0005,0.230625,-2.711868
F_target90,MLP_64_relu_lr001,0.234076,-2.843913
F_target90,MLP_64_relu_lr005,0.235207,-2.90801
F_target90,MLP_64_relu_lr01,0.201073,-2.170949
INTC_target30,Srbf_C1_e01_gscale,0.087836,-1.061753
INTC_target30,Srbf_C1_e01_g001,0.07791,-0.505029
INTC_target30,Srbf_C1_e01_g01,0.0966,-1.820895
INTC_target30,Srbf_C1_e05_gscale,0.072343,-0.233682
INTC_target30,Srbf_C1_e05_g001,0.076036,-0.433287
INTC_target30,Srbf_C1_e05_g01,0.083033,-0.778496
INTC_target30,Srbf_C10_e01_gscale,0.095998,-1.452677
INTC_target30,Srbf_C10_e01_g001,0.107953,-2.354635
INTC_target30,Srbf_C10_e01_g01,0.144931,-7.66667
INTC_target30,Srbf_C10_e05_gscale,0.073625,-0.273119
INTC_target30,Srbf_C10_e05_g001,0.093957,-1.316434
INTC_target30,Srbf_C10_e05_g01,0.101619,-1.671465
INTC_target30,Srbf_C100_e01_gscale,0.099004,-1.554438
INTC_target30,Srbf_C100_e01_g001,0.159631,-7.5447
INTC_target30,Srbf_C100_e01_g01,0.211033,-18.086917
INTC_target30,Srbf_C100_e05_gscale,0.073625,-0.273119
INTC_target30,Srbf_C100_e05_g001,0.142078,-5.474259
INTC_target30,Srbf_C100_e05_g01,0.121253,-2.35515
INTC_target30,Slin_C01,0.070229,-0.216413
INTC_target30,Slin_C1,0.070303,-0.220795
INTC_target30,Slin_C10,0.070313,-0.221961
INTC_target30,Spoly2_C1_gscale,0.262803,-28.329319
INTC_target30,Spoly2_C1_g001,0.080042,-0.604636
INTC_target30,Spoly2_C10_gscale,0.324254,-56.092904
INTC_target30,Spoly2_C10_g001,0.117075,-3.575682
INTC_target30,Spoly3_C1_gscale,0.673848,-207.196599
INTC_target30,Spoly3_C1_g001,0.094129,-1.481707
INTC_target30,GBRT_d3_lr001,0.067695,-0.05803
INTC_target30,GBRT_d3_lr005,0.072962,-0.280442
INTC_target30,GBRT_d4_lr001,0.068081,-0.069928
INTC_target30,GBRT_d4_lr005,0.073742,-0.311975
INTC_target30,GBRT_d5_lr001,0.068176,-0.076317
INTC_target30,GBRT_d5_lr005,0.07239,-0.258729
INTC_target30,MLP_64_relu_lr0005,0.153125,-7.447931
INTC_target30,MLP_64_relu_lr001,0.15694,-7.769881
INTC_target30,MLP_64_relu_lr005,0.156037,-8.783775
INTC_target30,MLP_64_relu_lr01,0.153662,-10.116174
INTC_target60,Srbf_C1_e01_gscale,0.120409,-1.120354
INTC_target60,Srbf_C1_e01_g001,0.111183,-0.639546
INTC_target60,Srbf_C1_e01_g01,0.130533,-1.541715
INTC_target60,Srbf_C1_e05_gscale,0.111291,-0.702289
INTC_target60,Srbf_C1_e05_g001,0.105666,-0.484835
INTC_target60,Srbf_C1_e05_g01,0.125151,-1.285768
INTC_target60,Srbf_C10_e01_gscale,0.133593,-1.497054
INTC_target60,Srbf_C10_e01_g001,0.15699,-2.713365
INTC_target60,Srbf_C10_e01_g01,0.189844,-6.282633
INTC_target60,Srbf_C10_e05_gscale,0.116954,-0.835832
INTC_target60,Srbf_C10_e05_g001,0.148329,-2.299301
INTC_target60,Srbf_C10_e05_g01,0.168428,-3.706737
INTC_target60,Srbf_C100_e01_gscale,0.145799,-1.879253
INTC_target60,Srbf_C100_e01_g001,0.21763,-6.558909
INTC_target60,Srbf_C100_e01_g01,0.299916,-19.266036
INTC_target60,Srbf_C100_e05_gscale,0.117016,-0.837846
INTC_target60,Srbf_C100_e05_g001,0.219669,-6.876518
INTC_target60,Srbf_C100_e05_g01,0.217151,-6.532247
INTC_target60,Slin_C01,0.103206,-0.537244
INTC_target60,Slin_C1,0.103045,-0.52967
INTC_target60,Slin_C10,0.103356,-0.544154
INTC_target60,Spoly2_C1_gscale,0.403776,-34.482362
INTC_target60,Spoly2_C1_g001,0.114598,-0.778669
INTC_target60,Spoly2_C10_gscale,0.455631,-46.085371
INTC_target60,Spoly2_C10_g001,0.179799,-4.920064
INTC_target60,Spoly3_C1_gscale,0.969297,-210.58086
INTC_target60,Spoly3_C1_g001,0.134476,-1.645866
INTC_target60,GBRT_d3_lr001,0.095306,-0.146639
INTC_target60,GBRT_d3_lr005,0.104191,-0.389232
INTC_target60,GBRT_d4_lr001,0.09778,-0.21541
INTC_target60,GBRT_d4_lr005,0.105997,-0.466735
INTC_target60,GBRT_d5_lr001,0.099719,-0.267454
INTC_target60,GBRT_d5_lr005,0.104562,-0.408305
INTC_target60,MLP_64_relu_lr0005,0.180469,-5.119118
INTC_target60,MLP_64_relu_lr001,0.187181,-5.677911
INTC_target60,MLP_64_relu_lr005,0.176495,-4.772607
INTC_target60,MLP_64_relu_lr01,0.183566,-5.362308
INTC_target90,Srbf_C1_e01_gscale,0.165962,-1.058069
INTC_target90,Srbf_C1_e01_g001,0.170234,-1.191335
INTC_target90,Srbf_C1_e01_g01,0.167448,-1.057909
INTC_target90,Srbf_C1_e05_gscale,0.153925,-0.679516
INTC_target90,Srbf_C1_e05_g001,0.162112,-0.955511
INTC_target90,Srbf_C1_e05_g01,0.165666,-1.047775
INTC_target90,Srbf_C10_e01_gscale,0.182876,-1.443059
INTC_target90,Srbf_C10_e01_g001,0.192478,-1.862651
INTC_target90,Srbf_C10_e01_g01,0.25234,-4.794237
INTC_target90,Srbf_C10_e05_gscale,0.163704,-0.935675
INTC_target90,Srbf_C10_e05_g001,0.181735,-1.485975
INTC_target90,Srbf_C10_e05_g01,0.226743,-3.428108
INTC_target90,Srbf_C100_e01_gscale,0.19265,-1.643672
INTC_target90,Srbf_C100_e01_g001,0.22634,-2.990696
INTC_target90,Srbf_C100_e01_g01,0.366932,-12.21006
INTC_target90,Srbf_C100_e05_gscale,0.164976,-0.958008
INTC_target90,Srbf_C100_e05_g001,0.215567,-2.474632
INTC_target90,Srbf_C100_e05_g01,0.294646,-6.50405
INTC_target90,Slin_C01,0.163996,-1.23121
INTC_target90,Slin_C1,0.164073,-1.236004
INTC_target90,Slin_C10,0.164087,-1.235361
INTC_target90,Spoly2_C1_gscale,0.376068,-13.754938
INTC_target90,Spoly2_C1_g001,0.180567,-1.510264
INTC_target90,Spoly2_C10_gscale,0.466079,-25.389878
INTC_target90,Spoly2_C10_g001,0.246318,-4.93666
INTC_target90,Spoly3_C1_gscale,1.067182,-127.620896
INTC_target90,Spoly3_C1_g001,0.208507,-2.648906
INTC_target90,GBRT_d3_lr001,0.13691,-0.297556
INTC_target90,GBRT_d3_lr005,0.145591,-0.521538
INTC_target90,GBRT_d4_lr001,0.138466,-0.341009
INTC_target90,GBRT_d4_lr005,0.14648,-0.561678
INTC_target90,GBRT_d5_lr001,0.139142,-0.361375
INTC_target90,GBRT_d5_lr005,0.146424,-0.557936
INTC_target90,MLP_64_relu_lr0005,0.224928,-3.170082
INTC_target90,MLP_64_relu_lr001,0.223179,-3.028693
INTC_target90,MLP_64_relu_lr005,0.224847,-3.411389
INTC_target90,MLP_64_relu_lr01,0.237882,-4.23674
